{
    "models": [
        {
            "id": "lisa",
            "weight": 0.9333333333333333,
            "balance": 1290
        },
        {
            "id": "leina",
            "weight": 0.9666666666666667,
            "balance": 1255
        }
    ]
}